{
  "display": {
    "icon": {
      "item": "minecraft:diamond_ore"
    },
    "title": {
      "translate": "advancements.diamondore.title"
    },
    "description": {
      "translate": "advancements.diamondore.descr"
    },
    "frame": "task",
    "show_toast": true,
    "announce_to_chat": true,
    "hidden": false
  },
  "criteria": {
    "diamondore": {
      "trigger": "minecraft:inventory_changed",
      "conditions": {
        "items": [
          {
            "item": "minecraft:diamond_ore",
            "count": {
              "min": 1,
              "max": 1
            }
          }
        ]
      }
    }
  },
  "rewards": {
    "experience": 2
  },
  "parent": "skyblockitems:diamondhalfadv"
}