{
  "display": {
    "icon": {
      "item": "skyblockitems:tinyslime"
    },
    "title": {
      "translate": "advancements.tiny.title"
    },
    "description": {
      "translate": "advancements.tiny.descr"
    },
    "frame": "task",
    "show_toast": true,
    "announce_to_chat": true,
    "hidden": false
  },
  "criteria": {
    "tiny": {
      "trigger": "minecraft:inventory_changed",
      "conditions": {
        "items": [
          {
            "item": "skyblockitems:tinyslime",
            "count": {
              "min": 1,
              "max": 1
            }
          }
        ]
      }
    }
  },
  "rewards": {
    "experience": 0
  },
  "parent": "skyblockitems:crooked"
}