{
    "__comment": "Model generated using MrCrayfish's Model Creator (https://mrcrayfish.com/tools?id=mc)",
    "textures": {
        "lava_still": "minecraft:block/lava_still",
        "terracotta": "minecraft:block/terracotta"
    },
    "display": {
        "gui": {
            "rotation": [ 30, 45, 0 ],
            "translation": [ 0, 0, 0 ],
            "scale": [ 0.625, 0.625, 0.625 ]
        },
        "ground": {
            "rotation": [ 0, 0, 0 ],
            "translation": [ 0, 3, 0 ],
            "scale": [ 0.25, 0.25, 0.25 ]
        },
        "fixed": {
            "rotation": [ 0, 180, 0 ],
            "translation": [ 0, 0, 0 ],
            "scale": [ 1, 1, 1 ]
        },
        "head": {
            "rotation": [ 0, 180, 0 ],
            "translation": [ 0, 0, 0 ],
            "scale": [ 1, 1, 1 ]
        },
        "firstperson_righthand": {
            "rotation": [ 0, 315, 0 ],
            "translation": [ 0, 2.5, 0 ],
            "scale": [ 0.4, 0.4, 0.4 ]
        },
        "thirdperson_righthand": {
            "rotation": [ 75, 315, 0 ],
            "translation": [ 0, 2.5, 0 ],
            "scale": [ 0.375, 0.375, 0.375 ]
        }
    },
    "elements": [
        {
            "name": "Cube",
            "from": [ 14, 0, 0 ], 
            "to": [ 16, 2, 2 ], 
            "faces": {
                "north": { "texture": "#terracotta", "uv": [ 0, 0, 2, 2 ] },
                "east": { "texture": "#terracotta", "uv": [ 0, 0, 2, 2 ] },
                "south": { "texture": "#terracotta", "uv": [ 0, 0, 2, 2 ] },
                "west": { "texture": "#terracotta", "uv": [ 0, 0, 2, 2 ] },
                "down": { "texture": "#terracotta", "uv": [ 0, 0, 2, 2 ], "rotation": 90 }
            }
        },
        {
            "name": "Cube",
            "from": [ 0, 0, 0 ], 
            "to": [ 2, 2, 2 ], 
            "faces": {
                "north": { "texture": "#terracotta", "uv": [ 0, 0, 2, 2 ] },
                "east": { "texture": "#terracotta", "uv": [ 0, 0, 2, 2 ] },
                "south": { "texture": "#terracotta", "uv": [ 0, 0, 2, 2 ] },
                "west": { "texture": "#terracotta", "uv": [ 0, 0, 2, 2 ] },
                "down": { "texture": "#terracotta", "uv": [ 0, 0, 2, 2 ], "rotation": 90 }
            }
        },
        {
            "name": "Cube",
            "from": [ 0, 0, 14 ], 
            "to": [ 2, 2, 16 ], 
            "faces": {
                "north": { "texture": "#terracotta", "uv": [ 0, 0, 2, 2 ] },
                "east": { "texture": "#terracotta", "uv": [ 0, 0, 2, 2 ] },
                "south": { "texture": "#terracotta", "uv": [ 0, 0, 2, 2 ] },
                "west": { "texture": "#terracotta", "uv": [ 0, 0, 2, 2 ] },
                "up": { "texture": "#terracotta", "uv": [ 0, 0, 2, 2 ], "rotation": 90 },
                "down": { "texture": "#terracotta", "uv": [ 0, 0, 2, 2 ], "rotation": 90 }
            }
        },
        {
            "name": "Cube",
            "from": [ 14, 0, 14 ], 
            "to": [ 16, 2, 16 ], 
            "faces": {
                "north": { "texture": "#terracotta", "uv": [ 0, 0, 2, 2 ] },
                "east": { "texture": "#terracotta", "uv": [ 0, 0, 2, 2 ] },
                "south": { "texture": "#terracotta", "uv": [ 0, 0, 2, 2 ] },
                "west": { "texture": "#terracotta", "uv": [ 0, 0, 2, 2 ] },
                "up": { "texture": "#terracotta", "uv": [ 0, 0, 2, 2 ], "rotation": 90 },
                "down": { "texture": "#terracotta", "uv": [ 0, 0, 2, 2 ], "rotation": 90 }
            }
        },
        {
            "name": "Cube",
            "from": [ 0, 2, 0 ], 
            "to": [ 16, 3, 16 ], 
            "faces": {
                "north": { "texture": "#terracotta", "uv": [ 0, 0, 16, 1 ] },
                "east": { "texture": "#terracotta", "uv": [ 0, 0, 16, 1 ] },
                "south": { "texture": "#terracotta", "uv": [ 0, 0, 16, 1 ] },
                "west": { "texture": "#terracotta", "uv": [ 0, 0, 16, 1 ] },
                "up": { "texture": "#terracotta", "uv": [ 0, 0, 16, 16 ], "rotation": 90 },
                "down": { "texture": "#terracotta", "uv": [ 0, 0, 16, 16 ], "rotation": 90 }
            }
        },
        {
            "name": "Cube",
            "from": [ 15, 3, 0 ], 
            "to": [ 16, 16, 16 ], 
            "faces": {
                "north": { "texture": "#terracotta", "uv": [ 0, 0, 1, 13 ] },
                "east": { "texture": "#terracotta", "uv": [ 0, 0, 16, 13 ] },
                "south": { "texture": "#terracotta", "uv": [ 0, 0, 1, 13 ] },
                "west": { "texture": "#terracotta", "uv": [ 0, 0, 16, 13 ] },
                "up": { "texture": "#terracotta", "uv": [ 0, 0, 1, 16 ], "rotation": 90 },
                "down": { "texture": "#terracotta", "uv": [ 0, 0, 1, 16 ], "rotation": 90 }
            }
        },
        {
            "name": "Cube",
            "from": [ 0, 3, 0 ], 
            "to": [ 1, 16, 16 ], 
            "faces": {
                "north": { "texture": "#terracotta", "uv": [ 0, 0, 1, 13 ] },
                "east": { "texture": "#terracotta", "uv": [ 0, 0, 16, 13 ] },
                "south": { "texture": "#terracotta", "uv": [ 0, 0, 1, 13 ] },
                "west": { "texture": "#terracotta", "uv": [ 0, 0, 16, 13 ] },
                "up": { "texture": "#terracotta", "uv": [ 0, 0, 1, 16 ], "rotation": 90 },
                "down": { "texture": "#terracotta", "uv": [ 0, 0, 1, 16 ], "rotation": 90 }
            }
        },
        {
            "name": "Cube",
            "from": [ 1, 3, 0 ], 
            "to": [ 15, 16, 1 ], 
            "faces": {
                "north": { "texture": "#terracotta", "uv": [ 0, 0, 14, 13 ] },
                "south": { "texture": "#terracotta", "uv": [ 0, 0, 14, 13 ] },
                "up": { "texture": "#terracotta", "uv": [ 0, 0, 14, 1 ] }
            }
        },
        {
            "name": "Cube",
            "from": [ 1, 3, 15 ], 
            "to": [ 15, 16, 16 ], 
            "faces": {
                "north": { "texture": "#terracotta", "uv": [ 0, 0, 14, 13 ] },
                "south": { "texture": "#terracotta", "uv": [ 0, 0, 14, 13 ] },
                "up": { "texture": "#terracotta", "uv": [ 0, 0, 14, 1 ] },
                "down": { "texture": "#terracotta", "uv": [ 0, 0, 14, 1 ] }
            }
        },
        {
            "name": "Cube",
            "from": [ 1, 3, 1 ], 
            "to": [ 15, 4, 15 ], 
            "faces": {
                "up": { "texture": "#lava_still", "uv": [ 1, 1, 15, 15 ] }
            }
        }
    ]
}