{
  "_fv": 4,
  "_type": "item",
  "definition": {
    "renderType": 0,
    "texture": "big-chicken-face",
    "customModelName": "Normal",
    "name": "Chicken seeds",
    "creativeTab": {
      "value": "CUSTOM:Skyblockitems"
    },
    "stackSize": 64,
    "enchantability": 0,
    "useDuration": 0,
    "toolType": 1.0,
    "damageCount": 0,
    "destroyAnyBlock": false,
    "stayInGridWhenCrafting": false,
    "enableMeleeDamage": false,
    "damageVsEntity": 0.0,
    "specialInfo": [],
    "hasGlow": false,
    "onRightClickedOnBlock": {
      "name": "ChickenseedRightClickedOnBlock"
    }
  }
}