{
  "_fv": 4,
  "_type": "recipe",
  "definition": {
    "recipeType": "Crafting",
    "recipeRetstackSize": 1,
    "recipeShapeless": false,
    "recipeReturnStack": {
      "value": "CUSTOM:Cowseed"
    },
    "recipeSlots": [
      {
        "value": "Items.WHEAT"
      },
      {
        "value": "Items.WHEAT"
      },
      {
        "value": "Items.WHEAT"
      },
      {
        "value": "Items.WHEAT"
      },
      {
        "value": "Items.WHEAT_SEEDS"
      },
      {
        "value": "Items.WHEAT"
      },
      {
        "value": "Items.WHEAT"
      },
      {
        "value": "Items.WHEAT"
      },
      {
        "value": "Items.WHEAT"
      }
    ],
    "smeltingXPReward": 0.0,
    "smeltingRetstackSize": 1,
    "name": "cowseedcraft",
    "namespace": "mod"
  }
}