{
  "_fv": 4,
  "_type": "recipe",
  "definition": {
    "recipeType": "Crafting",
    "recipeRetstackSize": 1,
    "recipeShapeless": true,
    "recipeReturnStack": {
      "value": "Blocks.PLANKS#5"
    },
    "recipeSlots": [
      {
        "value": ""
      },
      {
        "value": ""
      },
      {
        "value": ""
      },
      {
        "value": ""
      },
      {
        "value": "Blocks.WOODEN_SLAB#5"
      },
      {
        "value": ""
      },
      {
        "value": ""
      },
      {
        "value": "Blocks.WOODEN_SLAB#5"
      },
      {
        "value": ""
      }
    ],
    "smeltingXPReward": 0.0,
    "smeltingRetstackSize": 1,
    "name": "plankscraft6",
    "namespace": "mod"
  }
}