{
  "_fv": 5,
  "_type": "recipe",
  "definition": {
    "recipeType": "Crafting",
    "recipeRetstackSize": 8,
    "recipeShapeless": false,
    "recipeReturnStack": {
      "value": "Items.PAPER"
    },
    "recipeSlots": [
      {
        "value": "CUSTOM:Badpaper"
      },
      {
        "value": "CUSTOM:Badpaper"
      },
      {
        "value": "CUSTOM:Badpaper"
      },
      {
        "value": "CUSTOM:Badpaper"
      },
      {
        "value": "Items.DYE#19"
      },
      {
        "value": "CUSTOM:Badpaper"
      },
      {
        "value": "CUSTOM:Badpaper"
      },
      {
        "value": "CUSTOM:Badpaper"
      },
      {
        "value": "CUSTOM:Badpaper"
      }
    ],
    "smeltingXPReward": 0.0,
    "smeltingRetstackSize": 1,
    "name": "badpapercraft",
    "namespace": "mod"
  }
}