{
  "_fv": 5,
  "_type": "recipe",
  "definition": {
    "recipeType": "Crafting",
    "recipeRetstackSize": 4,
    "recipeShapeless": false,
    "recipeReturnStack": {
      "value": "Blocks.CHEST"
    },
    "recipeSlots": [
      {
        "value": "Blocks.LOG"
      },
      {
        "value": "Blocks.LOG"
      },
      {
        "value": "Blocks.LOG"
      },
      {
        "value": "Blocks.LOG"
      },
      {
        "value": ""
      },
      {
        "value": "Blocks.LOG"
      },
      {
        "value": "Blocks.LOG"
      },
      {
        "value": "Blocks.LOG"
      },
      {
        "value": "Blocks.LOG"
      }
    ],
    "smeltingXPReward": 0.0,
    "smeltingRetstackSize": 1,
    "name": "chests",
    "namespace": "mod"
  }
}