{
  "_fv": 5,
  "_type": "recipe",
  "definition": {
    "recipeType": "Crafting",
    "recipeRetstackSize": 1,
    "recipeShapeless": true,
    "recipeReturnStack": {
      "value": "Blocks.COBBLESTONE"
    },
    "recipeSlots": [
      {
        "value": ""
      },
      {
        "value": ""
      },
      {
        "value": ""
      },
      {
        "value": "CUSTOM:Pebble"
      },
      {
        "value": "CUSTOM:Pebble"
      },
      {
        "value": ""
      },
      {
        "value": "CUSTOM:Pebble"
      },
      {
        "value": "CUSTOM:Pebble"
      },
      {
        "value": ""
      }
    ],
    "smeltingXPReward": 0.0,
    "smeltingRetstackSize": 1,
    "name": "cobblestonecraft",
    "namespace": "mod"
  }
}