{
  "_fv": 5,
  "_type": "achievement",
  "definition": {
    "achievementName": "Diamond half",
    "achievementDescription": "craft a diamond half",
    "achievementIcon": {
      "value": "CUSTOM:Diamondhalf"
    },
    "background": "Default",
    "disableDisplay": false,
    "showPopup": true,
    "announceToChat": true,
    "hideIfNotCompleted": false,
    "rewardLoot": [],
    "rewardFunction": "No function",
    "rewardXP": 0,
    "achievementType": "task",
    "parent": {
      "value": "CUSTOM:Chunk"
    },
    "triggerxml": "<xml xmlns=\"https://developers.google.com/blockly/xml\"><block type=\"item_in_inventory\" x=\"41\" y=\"21\"><value name=\"amount_l\"><block type=\"math_number\"><field name=\"NUM\">1</field></block></value><value name=\"amount_h\"><block type=\"math_number\"><field name=\"NUM\">1</field></block></value><value name=\"item\"><block type=\"mcitem_all\"><field name=\"value\">CUSTOM:Diamondhalf</field></block></value><next><block type=\"advancement_trigger\" deletable=\"false\"/></next></block></xml>"
  }
}