{
  "_fv": 5,
  "_type": "achievement",
  "definition": {
    "achievementName": "Diamond... ore?",
    "achievementDescription": "craft a diamond ore",
    "achievementIcon": {
      "value": "Blocks.DIAMOND_ORE"
    },
    "background": "Default",
    "disableDisplay": false,
    "showPopup": true,
    "announceToChat": true,
    "hideIfNotCompleted": false,
    "rewardLoot": [],
    "rewardFunction": "No function",
    "rewardXP": 2,
    "achievementType": "task",
    "parent": {
      "value": "CUSTOM:Diamondhalfadv"
    },
    "triggerxml": "<xml xmlns=\"https://developers.google.com/blockly/xml\"><block type=\"item_in_inventory\" x=\"34\" y=\"29\"><value name=\"amount_l\"><block type=\"math_number\"><field name=\"NUM\">1</field></block></value><value name=\"amount_h\"><block type=\"math_number\"><field name=\"NUM\">1</field></block></value><value name=\"item\"><block type=\"mcitem_all\"><field name=\"value\">Blocks.DIAMOND_ORE</field></block></value><next><block type=\"advancement_trigger\" deletable=\"false\"/></next></block></xml>"
  }
}