{
  "_fv": 5,
  "_type": "tool",
  "definition": {
    "renderType": 0,
    "texture": "hammeriron",
    "customModelName": "Normal",
    "name": "Iron hammer",
    "creativeTab": {
      "value": "CUSTOM:Skyblockitems"
    },
    "toolType": "Special",
    "harvestLevel": 4,
    "efficiency": 6.0,
    "attackSpeed": 1.0,
    "enchantability": 0,
    "damageVsEntity": 7.0,
    "usageCount": 3000,
    "blocksAffected": [
      {
        "value": "CUSTOM:Diamondcrate"
      },
      {
        "value": "CUSTOM:Ironcrate"
      },
      {
        "value": "CUSTOM:Crate"
      }
    ],
    "hasGlow": false,
    "repairItems": [
      {
        "value": "Items.IRON_INGOT"
      }
    ]
  }
}