{
  "_fv": 5,
  "_type": "tool",
  "definition": {
    "renderType": 0,
    "texture": "hammerwood",
    "customModelName": "Normal",
    "name": "wooden hammer",
    "creativeTab": {
      "value": "CUSTOM:Skyblockitems"
    },
    "toolType": "Special",
    "harvestLevel": 1,
    "efficiency": 5.0,
    "attackSpeed": 1.0,
    "enchantability": 0,
    "damageVsEntity": 4.5,
    "usageCount": 1000,
    "blocksAffected": [
      {
        "value": "CUSTOM:Crate"
      }
    ],
    "hasGlow": false,
    "repairItems": [
      {
        "value": "Blocks.PLANKS#0"
      },
      {
        "value": "Blocks.PLANKS#1"
      },
      {
        "value": "Blocks.PLANKS#2"
      },
      {
        "value": "Blocks.PLANKS#3"
      },
      {
        "value": "Blocks.PLANKS#4"
      },
      {
        "value": "Blocks.PLANKS#5"
      }
    ]
  }
}