{
  "_fv": 5,
  "_type": "tool",
  "definition": {
    "renderType": 0,
    "texture": "hammerstone",
    "customModelName": "Normal",
    "name": "Stone hammer",
    "creativeTab": {
      "value": "CUSTOM:Skyblockitems"
    },
    "toolType": "Special",
    "harvestLevel": 2,
    "efficiency": 4.0,
    "attackSpeed": 1.0,
    "enchantability": 0,
    "damageVsEntity": 6.0,
    "usageCount": 2000,
    "blocksAffected": [
      {
        "value": "CUSTOM:Ironcrate"
      },
      {
        "value": "CUSTOM:Crate"
      }
    ],
    "hasGlow": false,
    "repairItems": [
      {
        "value": "Blocks.COBBLESTONE"
      }
    ]
  }
}