{
  "_fv": 5,
  "_type": "block",
  "definition": {
    "texture": "magma_block",
    "textureTop": "",
    "textureLeft": "",
    "textureFront": "",
    "textureRight": "",
    "textureBack": "",
    "renderType": 2,
    "customModelName": "tinymagmablock1:default",
    "rotationMode": 0,
    "hasTransparency": true,
    "transparencyType": "SOLID",
    "mx": 0.0,
    "my": 0.0,
    "mz": 0.0,
    "Mx": 0.5,
    "My": 0.5,
    "Mz": 0.5,
    "faceShape": "CENTER",
    "name": "Tiny magma block",
    "specialInfo": [],
    "hardness": 1.0,
    "resistance": 10.0,
    "hasGravity": false,
    "creativeTab": {
      "value": "CUSTOM:Skyblockitems"
    },
    "destroyTool": "Not specified",
    "affectedBySilkTouch": true,
    "customDrop": {
      "value": ""
    },
    "dropAmount": 1,
    "isBeaconBase": false,
    "enchantPowerBonus": 0.0,
    "plantsGrowOn": false,
    "canProvidePower": false,
    "lightOpacity": 0,
    "material": {
      "value": "LAVA"
    },
    "tickRate": 10,
    "isReplaceable": false,
    "isFlammable": false,
    "colorOnMap": "DEFAULT",
    "creativePickItem": {
      "value": ""
    },
    "isNotColidable": false,
    "soundOnStep": {
      "value": "GROUND"
    },
    "luminance": 0.0,
    "unbreakable": false,
    "breakHarvestLevel": 1,
    "spawnParticles": false,
    "particleToSpawn": {
      "value": "EXPLOSION_NORMAL"
    },
    "particleSpawningShape": "Spread",
    "particleSpawningRadious": 0.5,
    "particleAmount": 4,
    "particleSpawningCondition": "ALWAYS",
    "hasInventory": false,
    "inventorySize": 9,
    "inventoryStackSize": 64,
    "inventoryDropWhenDestroyed": true,
    "inventoryComparatorPower": true,
    "inventoryOutSlotIDs": [],
    "onEntityWalksOn": {
      "name": "TinymagmablockEntityWalksOnTheBlock"
    },
    "spawnWorldTypes": [],
    "restrictionBiomes": [],
    "blocksToReplace": [
      {
        "value": "Blocks.STONE"
      }
    ],
    "frequencyPerChunks": 10,
    "frequencyOnChunk": 16,
    "minGenerateHeight": 0,
    "maxGenerateHeight": 64
  }
}