{
  "group": "skyblockitems",
  "type": "minecraft:crafting_shaped",
  "pattern": [
    "0 2",
    "3 5",
    "678"
  ],
  "key": {
    "0": {
      "item": "minecraft:clay_ball"
    },
    "2": {
      "item": "minecraft:clay_ball"
    },
    "3": {
      "item": "minecraft:clay_ball"
    },
    "5": {
      "item": "minecraft:clay_ball"
    },
    "6": {
      "item": "minecraft:clay_ball"
    },
    "7": {
      "item": "minecraft:clay_ball"
    },
    "8": {
      "item": "minecraft:clay_ball"
    }
  },
  "result": {
    "item": "skyblockitems:crusible",
    "count": 1
  }
}