{
  "group": "skyblockitems",
  "type": "minecraft:crafting_shapeless",
  "ingredients": [
    {
      "tag": "minecraft:planks"
    },
    {
      "tag": "minecraft:planks"
    },
    {
      "tag": "minecraft:planks"
    },
    {
      "tag": "minecraft:planks"
    },
    {
      "item": "skyblockitems:badpaper"
    },
    {
      "tag": "minecraft:planks"
    },
    {
      "tag": "minecraft:planks"
    },
    {
      "tag": "minecraft:planks"
    },
    {
      "tag": "minecraft:planks"
    }
  ],
  "result": {
    "item": "skyblockitems:crate",
    "count": 1
  }
}