{
  "_fv": 5,
  "_type": "tool",
  "definition": {
    "renderType": 0,
    "texture": "hammerstone",
    "customModelName": "Normal",
    "name": "hammer",
    "creativeTab": {
      "value": "CUSTOM:Skyblockitems"
    },
    "toolType": "Special",
    "harvestLevel": 1,
    "efficiency": 5.0,
    "attackSpeed": 1.0,
    "enchantability": 0,
    "damageVsEntity": 4.5,
    "usageCount": 1000,
    "blocksAffected": [
      {
        "value": "CUSTOM:Crate"
      }
    ],
    "hasGlow": false,
    "repairItems": []
  }
}