{
  "_fv": 5,
  "_type": "achievement",
  "definition": {
    "achievementName": "Skyblock items",
    "achievementDescription": "the beginning",
    "achievementIcon": {
      "value": "CUSTOM:Crook"
    },
    "background": "Default",
    "disableDisplay": false,
    "showPopup": true,
    "announceToChat": false,
    "hideIfNotCompleted": false,
    "rewardLoot": [
      "Startinginvloot"
    ],
    "rewardFunction": "No function",
    "rewardXP": 0,
    "achievementType": "task",
    "parent": {
      "value": "No parent: root"
    },
    "triggerxml": "<xml xmlns=\"https://developers.google.com/blockly/xml\"><block type=\"tick\" x=\"37\" y=\"126\"><next><block type=\"advancement_trigger\" deletable=\"false\"/></next></block></xml>"
  }
}