{
  "_fv": 5,
  "_type": "loottable",
  "definition": {
    "type": "Advancement reward",
    "pools": [
      {
        "minrolls": 1,
        "maxrolls": 1,
        "minbonusrolls": 1,
        "maxbonusrolls": 1,
        "hasbonusrolls": false,
        "entries": [
          {
            "type": "item",
            "item": {
              "value": "Items.LAVA_BUCKET"
            },
            "weight": 1
          }
        ]
      },
      {
        "minrolls": 1,
        "maxrolls": 1,
        "minbonusrolls": 1,
        "maxbonusrolls": 1,
        "hasbonusrolls": false,
        "entries": [
          {
            "type": "item",
            "item": {
              "value": "Items.WATER_BUCKET"
            },
            "weight": 1
          }
        ]
      }
    ],
    "name": "startinginvloot",
    "namespace": "mod"
  }
}