{
  "display": {
    "icon": {
      "item": "skyblockitems:badpaper"
    },
    "title": {
      "translate": "advancements.badpaperadv.title"
    },
    "description": {
      "translate": "advancements.badpaperadv.descr"
    },
    "frame": "task",
    "show_toast": true,
    "announce_to_chat": true,
    "hidden": false
  },
  "criteria": {
    "badpaperadv": {
      "trigger": "minecraft:inventory_changed",
      "conditions": {
        "items": [
          {
            "item": "skyblockitems:badpaper",
            "count": {
              "min": 1,
              "max": 1
            }
          }
        ]
      }
    }
  },
  "rewards": {
    "experience": 0
  },
  "parent": "skyblockitems:skyblockitemsadv"
}