{
  "display": {
    "background": "minecraft:textures/block/stone.png",
    "icon": {
      "item": "skyblockitems:crook"
    },
    "title": {
      "translate": "advancements.skyblockitemsadv.title"
    },
    "description": {
      "translate": "advancements.skyblockitemsadv.descr"
    },
    "frame": "task",
    "show_toast": true,
    "announce_to_chat": false,
    "hidden": false
  },
  "criteria": {
    "skyblockitemsadv": {
      "trigger": "minecraft:impossible"
    }
  },
  "rewards": {
    "experience": 0,
    "loot": [
      "skyblockitems:startinginvloot"
    ]
  }
}