{
  "__comment": "Model generated using MrCrayfish's Model Creator (https://mrcrayfish.com/tools?id=mc)",
  "display": {
    "gui": {
      "rotation": [
        30,
        45,
        0
      ],
      "translation": [
        0,
        0,
        0
      ],
      "scale": [
        0.625,
        0.625,
        0.625
      ]
    },
    "ground": {
      "rotation": [
        0,
        0,
        0
      ],
      "translation": [
        0,
        3,
        0
      ],
      "scale": [
        0.25,
        0.25,
        0.25
      ]
    },
    "fixed": {
      "rotation": [
        0,
        180,
        0
      ],
      "translation": [
        0,
        0,
        0
      ],
      "scale": [
        1,
        1,
        1
      ]
    },
    "head": {
      "rotation": [
        0,
        180,
        0
      ],
      "translation": [
        0,
        0,
        0
      ],
      "scale": [
        1,
        1,
        1
      ]
    },
    "firstperson_righthand": {
      "rotation": [
        0,
        315,
        0
      ],
      "translation": [
        0,
        2.5,
        0
      ],
      "scale": [
        0.4,
        0.4,
        0.4
      ]
    },
    "thirdperson_righthand": {
      "rotation": [
        75,
        315,
        0
      ],
      "translation": [
        0,
        2.5,
        0
      ],
      "scale": [
        0.375,
        0.375,
        0.375
      ]
    }
  },
  "elements": [
    {
      "name": "Cube",
      "from": [
        0,
        0,
        0
      ],
      "to": [
        8,
        8,
        8
      ],
      "faces": {
        "north": {
          "texture": "#Magma_block",
          "uv": [
            0,
            0,
            8,
            8
          ]
        },
        "east": {
          "texture": "#Magma_block",
          "uv": [
            0,
            0,
            8,
            8
          ]
        },
        "south": {
          "texture": "#Magma_block",
          "uv": [
            0,
            0,
            8,
            8
          ]
        },
        "west": {
          "texture": "#Magma_block",
          "uv": [
            0,
            0,
            8,
            8
          ]
        },
        "up": {
          "texture": "#Magma_block",
          "uv": [
            0,
            0,
            8,
            8
          ]
        },
        "down": {
          "texture": "#Magma_block",
          "uv": [
            0,
            0,
            8,
            8
          ]
        }
      }
    }
  ]
}